CustomerID,FirstName,LastName,Gender,Age,City,JoinDate
1,Kelly,Mcfarland,F,28,Williamfurt,2023-11-07
2,Amber,Simpson,M,39,West Kenneth,2021-07-04
3,Tammy,Smith,F,29,West Jeanetteland,2020-12-17
4,Scott,Becker,M,48,Williamborough,2024-10-16
5,Evan,Marquez,F,27,Davisland,2025-05-06
6,Rebecca,Brandt,F,36,Chadmouth,2024-01-10
7,Christopher,Graham,F,44,Carlosberg,2022-05-26
8,Nancy,Moore,F,42,Kevinhaven,2020-09-23
9,Jacob,Edwards,M,34,New Danielleburgh,2025-01-27
10,Kelly,Oconnor,F,33,Riveratown,2022-11-21
11,Aaron,Smith,F,21,Hubbardberg,2021-05-27
12,Amber,Perez,M,61,North Danielmouth,2021-01-23
13,Sharon,Jimenez,M,51,Harrismouth,2024-01-06
14,Johnny,Russell,M,43,New Maria,2022-04-11
15,Angela,Avila,M,62,Lake Charles,2022-03-21
16,John,Santana,M,36,East David,2022-03-16
17,Stephanie,Schaefer,F,53,North Nicholas,2022-01-12
18,Dorothy,Nichols,F,67,South Jennabury,2021-04-27
19,Courtney,Bass,F,56,Lake Calvin,2025-01-13
20,Lisa,Charles,F,52,Port Kimberly,2025-06-15
21,Chad,Ryan,M,32,West Alexburgh,2025-02-23
22,Matthew,Taylor,M,44,Christopherland,2021-02-22
23,Kim,Duncan,F,21,Jasminehaven,2022-02-03
24,Anna,Stone,M,19,East Alexanderside,2025-08-10
25,Christina,Cantrell,F,20,South Peterview,2025-01-19
26,Randy,Navarro,M,69,Davismouth,2024-07-15
27,Kimberly,Montgomery,F,35,Englishstad,2024-11-27
28,Danielle,Wagner,F,69,Lake Cynthia,2023-01-13
29,Joseph,Morgan,M,24,Wrightfort,2022-02-18
30,Joanna,Wright,F,33,Deborahbury,2023-08-23
31,Cheryl,Hunter,F,57,Huangbury,2022-07-12
32,James,Quinn,M,41,Youngchester,2020-11-24
33,Monica,Petersen,F,38,North Adamville,2023-10-16
34,Reginald,Rice,M,54,Port Samantha,2022-11-16
35,Nathaniel,Martin,M,48,Mariaville,2021-08-02
36,Erica,Brady,F,39,Harrisland,2021-06-15
37,Richard,Page,F,67,Englishmouth,2023-05-13
38,Patrick,Lindsey,M,61,Toddton,2025-04-02
39,Jay,Harris,M,23,Port Terrenceton,2022-09-12
40,Alexa,Stuart,M,35,Nelsonview,2021-05-18
41,Rebekah,Conner,F,43,East David,2022-04-13
42,Laura,Shelton,M,46,Collinsborough,2021-09-27
43,Allison,Lee,M,26,Mariemouth,2023-03-26
44,Jennifer,Conley,M,55,Hillside,2021-03-19
45,Matthew,Winters,F,42,South William,2024-08-13
46,Lisa,Smith,F,39,Port John,2022-11-04
47,Anthony,Foster,M,23,Lisabury,2023-12-26
48,Jessica,Miles,F,49,East Georgechester,2022-05-04
49,Lisa,Carpenter,M,52,New Nathanhaven,2022-05-22
50,Madison,Kim,M,27,Rogersburgh,2024-11-18
51,Rebecca,Hayes,M,62,Lake Felicia,2024-06-26
52,Michael,Curry,M,42,West Danielmouth,2023-08-16
53,William,Schmidt,F,30,Lake Joshua,2024-10-02
54,Patrick,Holt,F,32,Port Kevinland,2022-12-19
55,David,Brown,F,34,North Cindy,2025-05-16
56,Nicholas,Roman,F,54,Jenniferstad,2023-03-07
57,Jaclyn,Jimenez,M,49,Kathrynmouth,2020-11-07
58,Kelly,Henry,M,61,New Melissatown,2021-08-27
59,Luis,Hoffman,M,62,Millerfurt,2023-04-14
60,Bridget,Washington,F,49,Andrewville,2024-12-16
61,Nicholas,Hoffman,M,69,Garyshire,2021-03-14
62,Barbara,Smith,M,66,North Willieberg,2024-07-24
63,Susan,Franklin,F,27,Meganchester,2022-05-25
64,Travis,Kelly,M,43,Russellstad,2020-09-25
65,Sherry,Johnson,F,35,Debbieburgh,2021-08-15
66,Christopher,Harris,F,26,North Greg,2020-10-12
67,Barbara,Smith,F,24,Briannaland,2023-02-15
68,Jimmy,Wright,F,63,Port Mitchell,2022-03-04
69,Sandra,Cruz,F,51,South Amberton,2024-06-25
70,James,Stone,M,61,Pattersonmouth,2023-01-29
71,Michael,Lyons,F,66,East Angelaborough,2024-07-04
72,Joyce,Jones,F,27,Lake James,2022-04-11
73,Andre,Hogan,F,62,Jameschester,2025-07-27
74,Robert,Sellers,M,70,Josephmouth,2021-10-10
75,Shelly,Harvey,F,45,Ellisborough,2024-03-25
76,Aaron,Ray,F,21,West Marcusport,2023-12-29
77,Robin,Stone,M,42,Loweton,2022-11-11
78,Cody,Armstrong,M,69,Timothymouth,2023-02-05
79,Douglas,Moses,F,32,South Gailstad,2021-07-25
80,Brian,Petty,M,52,Jonesfurt,2021-10-17
81,Carolyn,Allen,F,24,Port Colleen,2023-12-27
82,Michael,Stevens,F,28,New Carrie,2023-08-02
83,Nicole,Sanders,F,38,Hernandezfurt,2025-04-15
84,Beth,Nelson,M,53,Brentbury,2024-04-10
85,Gregory,Robertson,M,48,Wesleyview,2024-09-05
86,Jack,Baker,M,26,East Jesus,2023-05-13
87,Elizabeth,Wheeler,M,29,East Melanietown,2024-08-22
88,Kristina,Murillo,F,56,New Courtneyville,2022-07-05
89,Paula,Williams,M,64,Bairdside,2022-08-02
90,Tristan,Smith,M,66,Port Brenda,2022-09-17
91,Andrew,Harper,M,36,Riddleshire,2025-03-19
92,Michelle,Walker,F,57,New Lauren,2022-08-13
93,Alicia,Jordan,F,62,Hoffmanshire,2025-04-11
94,Douglas,Stephens,M,56,East Laurie,2020-11-13
95,Andrew,Griffin,F,66,Mccarthychester,2022-01-20
96,Elizabeth,Johnson,F,67,New Lindsay,2023-03-04
97,Travis,Lee,F,48,Portermouth,2024-06-07
98,Jennifer,Marquez,F,68,Flemingstad,2022-08-26
99,Roy,Weiss,F,66,North Marchaven,2023-09-23
100,Courtney,Banks,M,65,Higginsfurt,2022-03-25
101,Matthew,Perry,M,31,Rodriguezville,2025-01-30
102,Linda,Smith,F,31,West Kevinborough,2024-09-28
103,Brittney,Jimenez,M,58,Port Molly,2020-10-19
104,Larry,Hardin,M,69,Markfurt,2023-05-24
105,Paula,Fisher,F,44,New Anthony,2022-09-06
106,Deborah,Galloway,F,40,Fullerbury,2023-12-12
107,Bonnie,Gilbert,M,29,New Aimeetown,2021-10-06
108,Bryce,Chandler,F,69,Port Craig,2023-03-18
109,Jose,Andersen,M,59,Christinachester,2020-11-14
110,Debbie,Nelson,F,25,East Davidfurt,2020-11-15
111,Michelle,Adams,F,53,Anthonyside,2023-06-24
112,Lisa,Douglas,M,64,Hendersonhaven,2021-03-20
113,Bethany,Gonzalez,M,69,Anthonytown,2023-06-12
114,Cynthia,Hodges,F,19,Philipstad,2022-07-30
115,Renee,Cook,F,26,Markfurt,2020-10-30
116,Erin,Mcintyre,M,61,Youngshire,2022-02-02
117,Monica,Wilson,F,44,South Antoniomouth,2021-08-13
118,Steven,Drake,F,37,West Melvin,2021-01-11
119,Felicia,Jackson,F,38,Port Jacobborough,2020-11-09
120,Larry,Jackson,M,46,West Shannon,2023-06-26
121,Sherri,Parker,F,30,North Kristen,2024-09-30
122,Bradley,Blair,F,33,West Christophermouth,2023-01-24
123,Gene,Kelly,M,28,New Gregory,2022-02-01
124,Juan,Hill,M,69,Leehaven,2022-03-10
125,Paul,Ramsey,F,40,Stephaniefurt,2023-11-06
126,Martha,Calderon,F,62,West William,2021-07-03
127,Tracie,Sellers,F,43,Iantown,2025-07-14
128,Nicole,Swanson,F,47,East Tracy,2021-12-16
129,Christopher,Eaton,F,37,Bellchester,2023-07-29
130,Melinda,Ray,M,33,Ericmouth,2022-12-29
131,Tiffany,Vance,M,39,Port Thomas,2023-08-21
132,Justin,Valdez,M,18,Josephbury,2024-07-10
133,Elizabeth,Perez,F,46,East Alexanderville,2023-10-12
134,Michael,Cabrera,F,32,Amyborough,2022-11-29
135,Jennifer,Turner,M,35,Haleyshire,2020-11-14
136,Briana,Wolfe,M,27,Reynoldsmouth,2023-07-04
137,Maurice,Wiley,F,39,Suzanneport,2021-02-01
138,Jennifer,King,F,63,Port Johnburgh,2021-07-24
139,Teresa,Brown,F,36,Lake Robertoville,2024-03-15
140,Denise,Melton,F,30,Vanessaville,2024-05-03
141,Robert,Hernandez,M,61,Lake Bradley,2021-01-01
142,Joseph,Martin,F,67,Jenniferview,2020-09-20
143,Elizabeth,Santiago,M,40,South Elizabeth,2021-03-29
144,Amanda,Gutierrez,M,47,Wendyport,2025-03-03
145,Nancy,Crane,M,44,Jonesberg,2024-05-15
146,Robert,Obrien,M,48,New Lindaburgh,2022-05-17
147,Teresa,Christensen,M,51,Hawkinsshire,2022-04-24
148,Natalie,George,M,22,New Taraville,2024-04-23
149,Trevor,Martin,M,25,West Danieltown,2022-08-25
150,Elizabeth,Harris,M,25,New Stacey,2024-10-18
151,Lauren,Sutton,F,53,Thomasmouth,2023-01-24
152,Zachary,Haas,F,21,Port Bryan,2023-08-03
153,Robert,Lee,F,65,East Donaldstad,2024-10-13
154,Manuel,Boyd,M,55,Janetport,2020-12-10
155,April,Wheeler,F,64,North Joshuaport,2021-11-18
156,Steven,Alexander,M,26,New Mollyshire,2023-11-05
157,Jacob,Macias,F,29,Priceview,2021-04-06
158,Melanie,Howell,F,25,Juliestad,2024-06-07
159,Edgar,Doyle,F,42,North Benjamin,2024-11-05
160,Michael,Jones,F,56,East Stevebury,2022-11-17
161,Jeffrey,Smith,M,55,South Johnnyhaven,2025-08-13
162,Cindy,Gray,F,64,Port Annaside,2022-09-03
163,Sandra,Brown,F,62,East Christopherborough,2024-08-14
164,Kayla,Fleming,F,54,North Aimee,2025-03-28
165,Stacy,Porter,F,36,Port Joshua,2021-06-21
166,Bryan,Phelps,F,47,North Jonathonburgh,2023-03-25
167,Daniel,Howell,F,40,West Donald,2024-11-07
168,Johnny,Caldwell,F,19,Emilyburgh,2024-10-11
169,Steven,Ellis,M,40,Samuelburgh,2022-02-01
170,Lindsay,Perez,F,69,Youngburgh,2020-11-08
171,Stephanie,Smith,M,23,Thomaston,2024-09-21
172,Ronald,Paul,F,60,East Douglas,2022-11-15
173,Robert,Huff,M,57,Lake Joe,2022-12-13
174,Karen,Flores,M,22,East Lindaton,2025-04-28
175,Karen,Baker,M,50,Lake Samuelmouth,2024-04-17
176,Kevin,Dillon,M,26,Gibsonburgh,2025-02-14
177,Ethan,Hill,M,69,Geraldport,2024-02-23
178,John,Paul,M,28,Port Andrewton,2022-04-12
179,Timothy,Kennedy,F,54,Fernandezstad,2024-12-27
180,Judith,Singh,F,18,Port Janetport,2020-12-27
181,Meghan,Edwards,M,63,Zacharytown,2020-12-09
182,Emily,Holmes,M,34,South Debbieville,2024-08-21
183,Alexandra,Davidson,M,50,South Joseph,2025-06-18
184,Lisa,Stewart,F,57,Waynemouth,2023-01-13
185,Jeffrey,Harvey,F,70,North Adrienneborough,2021-03-30
186,Allison,Lopez,M,56,Amyfurt,2024-11-05
187,Phillip,Peck,M,27,Port Patriciaberg,2024-04-02
188,Laura,Wallace,M,66,Kerrhaven,2020-10-31
189,Stephanie,Turner,F,60,Taramouth,2021-04-21
190,Valerie,Rodriguez,F,59,Port Laurenfurt,2022-11-05
191,Stephen,Jones,M,23,Peterside,2023-11-03
192,Kimberly,Cohen,F,46,Lake Whitneyfort,2024-08-22
193,Nicholas,Mitchell,M,25,South Vickimouth,2023-10-17
194,Peggy,Holland,M,53,Nancybury,2024-10-03
195,Stephen,Moore,M,66,Robertborough,2020-11-09
196,Megan,Rogers,M,62,Lake Thomasstad,2020-11-09
197,Jonathan,Carr,F,39,Meadowsfurt,2021-02-19
198,Bryan,Smith,M,22,Portermouth,2024-04-14
199,Joshua,Jones,F,46,Owensside,2024-05-18
200,Robert,Martin,M,36,Morganborough,2025-07-16
201,Sara,Jennings,F,21,Robertview,2021-03-25
202,Walter,Morrison,F,61,Lake Rachelview,2021-09-26
203,Angela,Tran,F,37,Lake Margaret,2022-12-24
204,Richard,Moore,F,41,Jeffside,2021-02-02
205,Maria,Smith,M,50,Lake Philip,2024-08-31
206,Randy,Brown,F,36,North Peggyside,2024-10-05
207,Ruth,Hall,M,26,Dominicborough,2021-01-04
208,Shirley,Gray,F,48,New Jonathon,2022-12-14
209,Emily,Chandler,M,29,Judithshire,2022-09-01
210,Michelle,Stephens,M,62,New Erika,2021-09-24
211,Sarah,Howard,M,62,Johnsonville,2020-12-18
212,Jasmine,Bruce,M,30,Lake Samuelbury,2021-03-14
213,Kristen,Williams,M,46,South Christian,2022-11-10
214,Jacob,Ryan,M,43,New Meghanview,2024-08-14
215,Sarah,Reed,F,62,New Tiffany,2023-07-09
216,Angela,Daugherty,M,35,Carpenterville,2024-12-18
217,Andre,Morrison,F,25,Bellville,2025-06-15
218,Spencer,Berry,F,56,Nancychester,2021-01-29
219,Gabriela,Fischer,M,51,Port Evelynport,2022-10-16
220,Crystal,Scott,F,46,New Benjamin,2025-03-06
221,Whitney,Goodman,M,67,Taylorberg,2021-09-19
222,Christine,Summers,M,57,Lake Aaronborough,2024-05-09
223,Christine,Martin,F,22,New Dana,2023-05-14
224,Jessica,Patton,M,26,East Michaelmouth,2022-10-30
225,Jerry,Baker,F,57,Alexandramouth,2024-04-29
226,Nathan,Smith,M,58,Port Mary,2023-07-05
227,Nicholas,Smith,M,45,Millerland,2022-05-27
228,Anthony,Morris,M,24,Davidtown,2024-12-21
229,Rebecca,Williams,M,62,Williamville,2022-06-10
230,Anna,Hughes,M,61,Lake Jennifer,2024-11-09
231,Susan,Allen,M,50,Port Jamesberg,2022-03-06
232,Robert,Andrews,M,67,Lake Kayla,2025-07-31
233,Edward,Reed,M,44,South Jamesport,2022-11-30
234,Gregory,Manning,F,51,Hubbardchester,2024-01-13
235,Daniel,Baker,M,38,North Christown,2021-07-15
236,John,Martinez,F,56,West James,2021-07-28
237,Tiffany,Carrillo,M,45,Cobbland,2025-05-01
238,Crystal,Lewis,F,66,Lake Luke,2021-07-07
239,David,English,M,35,Robertborough,2024-04-21
240,Harry,Johnson,M,30,Dianaland,2024-06-10
241,Jamie,Jones,M,67,Kyletown,2023-10-16
242,Patrick,Church,F,52,Wilkinsview,2024-08-21
243,Kayla,Parker,F,35,Jacksonshire,2022-06-29
244,Donna,Hanson,M,68,Lake Chadshire,2022-09-15
245,Lynn,Wolfe,M,45,North Michelle,2024-06-10
246,Jodi,Sanders,F,31,Christopherchester,2024-02-24
247,Charles,Kim,M,47,Jonton,2020-08-27
248,Amanda,Cooper,M,48,Port Jonathanland,2020-09-21
249,Gregory,Jones,M,58,Butlerchester,2021-09-08
250,Laura,Johnson,M,70,Lake Deanton,2021-06-05
251,Amber,Gilbert,M,20,Lake Bethany,2021-03-06
252,Charles,Turner,M,21,Jenningsville,2021-07-01
253,Beverly,Nunez,F,70,Mitchellfurt,2023-07-26
254,Brent,Hernandez,M,58,Turnerview,2022-07-01
255,Paige,Sanford,F,43,Greenside,2021-05-24
256,Sheila,Rice,M,57,North Nancyshire,2022-09-06
257,Megan,Vargas,M,64,Stacystad,2024-02-27
258,Dawn,Harrison,M,64,East Veronica,2023-11-07
259,Antonio,Vaughn,M,50,Lisaside,2024-01-29
260,Jimmy,Ali,F,55,South Karenchester,2024-06-18
261,Daniel,Blackwell,F,58,New James,2023-06-21
262,Jared,Thompson,F,40,East Dana,2023-03-08
263,Jose,Haney,M,55,North Stephenburgh,2021-12-15
264,Kim,Mcmahon,F,68,South Patricia,2020-09-12
265,Mary,Russell,F,39,New Kyleview,2024-03-05
266,Joseph,Rodriguez,F,67,Murphyview,2021-07-19
267,Stacey,Johnson,M,38,Mooretown,2023-03-18
268,Danielle,Howe,M,69,Rickyton,2023-08-19
269,Matthew,Schaefer,M,40,West Sean,2020-12-28
270,Levi,Harris,M,47,Pattersonfurt,2025-01-29
271,Edward,Humphrey,M,41,Littleville,2025-08-14
272,Tyler,Collins,M,31,Port Marisamouth,2025-08-23
273,Lisa,Smith,F,61,Brianastad,2023-09-30
274,Carl,Barnes,F,69,Sarafort,2021-01-13
275,Ralph,Obrien,F,18,Amberview,2025-03-22
276,Veronica,Mcdonald,M,51,Joelmouth,2025-04-06
277,Andrea,Parker,M,69,North Patricia,2023-09-23
278,Benjamin,Roberts,M,26,North Monique,2022-06-13
279,Jose,Ferguson,M,27,Brookston,2022-07-18
280,Mary,Lee,F,27,Port Carolmouth,2022-02-18
281,Timothy,Gray,M,37,East Sean,2021-01-19
282,Benjamin,Lloyd,F,40,Turnerton,2022-08-08
283,Laura,Miller,M,28,Angelaland,2023-01-13
284,Timothy,Johnson,F,64,South Marc,2023-02-07
285,Mary,Williams,M,30,West Lisabury,2021-10-29
286,Charles,Campos,F,21,Kellieburgh,2024-08-04
287,Aaron,Roberts,M,43,Perezside,2021-10-22
288,Norma,Jackson,F,43,Lisahaven,2022-08-02
289,Elizabeth,Russell,F,39,Milesberg,2024-04-11
290,Mike,Williams,M,69,Gilmoreview,2022-08-02
291,Lucas,Perez,F,32,Jonesberg,2023-11-03
292,Regina,Skinner,F,37,North Thomasmouth,2020-10-14
293,Sharon,Wyatt,M,34,Kristenborough,2025-06-23
294,Sonya,Terry,M,45,Rodneyville,2023-08-11
295,Cody,Wilson,M,55,West Ronaldberg,2025-06-10
296,Samantha,Johnson,F,59,Port Brandonland,2024-06-13
297,Matthew,Gordon,F,41,Adamsside,2024-01-20
298,Linda,Smith,M,69,Jasonstad,2023-06-19
299,Jill,Fleming,M,18,Port Ronaldhaven,2022-02-10
300,Ryan,Lowe,M,53,Port Edwinmouth,2022-05-17
301,Erika,Rose,M,32,New Ginachester,2022-09-02
302,Kelly,Green,F,60,Port Brian,2023-04-13
303,Dustin,Price,M,58,Floresmouth,2021-11-29
304,David,Herman,F,55,Roberttown,2024-08-04
305,Amanda,Keller,M,69,Port Gwendolynberg,2022-11-21
306,Alexis,Robertson,M,50,Debrachester,2024-04-25
307,Christopher,Ponce,M,47,New Pamelashire,2023-05-12
308,William,Adams,M,39,Stevenbury,2024-10-28
309,Jacob,Martin,M,64,Sheltonside,2020-11-23
310,David,Herman,M,44,New Rachel,2021-04-10
311,Danielle,Hicks,M,20,Benjaminbury,2021-08-30
312,Alexander,Martinez,M,24,North Pamela,2020-10-07
313,Molly,Myers,M,53,North Kathleenburgh,2023-01-15
314,Charles,Williamson,F,22,Lake Rachel,2022-06-04
315,Cynthia,Bentley,M,50,Rodneychester,2021-05-04
316,David,Hardin,F,58,Jeffersonberg,2024-07-24
317,Samuel,Montgomery,M,35,New Amy,2024-04-29
318,Charlotte,Stuart,M,43,Cisnerosborough,2022-01-01
319,Allison,Schroeder,F,30,Cervanteston,2022-01-21
320,Casey,Sanchez,M,45,Port Wendy,2021-05-01
321,Michael,Roberson,M,31,Lake Wendy,2021-03-04
322,Melissa,Santos,M,42,Ortegahaven,2024-02-21
323,Lisa,Campos,F,52,North Michaelshire,2024-03-17
324,Carla,Perry,M,24,Sarahbury,2021-02-05
325,Mark,Todd,F,32,Crystalchester,2021-01-28
326,Thomas,Collins,M,68,Judithport,2025-07-19
327,Brianna,Garcia,F,39,New Brandon,2020-11-13
328,Philip,Steele,F,31,Marshallberg,2020-09-25
329,Gail,Smith,M,42,North Jason,2023-12-08
330,Edward,Schroeder,M,20,Lake Jessicashire,2024-09-05
331,Troy,Estrada,M,63,New Kathleen,2023-08-13
332,Xavier,French,M,22,East Tammy,2022-09-10
333,Shannon,Garza,M,29,Garciamouth,2022-09-14
334,William,Montgomery,M,28,Lake Julieport,2022-06-23
335,Alicia,Garcia,F,48,Warnermouth,2022-03-19
336,John,Alvarado,F,53,North Erinhaven,2024-08-25
337,Diana,Garcia,F,67,Lake Christinaton,2023-07-22
338,Jessica,Jones,F,43,North Jamesmouth,2024-01-28
339,Jonathon,Jefferson,F,20,Deborahtown,2021-07-19
340,Sharon,Dean,F,36,North Jeff,2025-01-29
341,Martin,Medina,M,59,Colemantown,2024-10-14
342,Michael,Austin,F,30,Michaelmouth,2025-07-28
343,David,Griffin,M,58,Annfort,2021-09-21
344,Julie,Martinez,M,42,Williamsfort,2021-02-11
345,Christopher,Bates,F,64,Perezland,2020-12-29
346,Robert,Holmes,M,49,New Carol,2024-11-13
347,Bonnie,Williams,F,47,New Brad,2023-02-14
348,Mary,Lee,F,60,Davidton,2023-11-17
349,Tyler,Robles,F,60,Markmouth,2023-07-31
350,Alexander,Moore,F,19,Alibury,2024-05-28
351,Heidi,Robbins,M,62,Port Bailey,2025-03-03
352,Monica,Rubio,M,44,Lake Frank,2022-05-11
353,Sandra,Hughes,F,33,Yangport,2022-02-07
354,Matthew,Rodriguez,F,36,Howardshire,2025-02-23
355,Shelby,Barnes,M,55,Morganside,2021-07-17
356,Beth,Irwin,F,26,South Cheryl,2023-08-04
357,Joseph,Thompson,F,45,Angelaview,2025-01-10
358,Marie,Castro,F,53,West Karen,2021-11-25
359,Thomas,Moore,F,26,Callahanmouth,2022-08-29
360,Nancy,Santana,F,64,Smithfurt,2025-05-12
361,Jacqueline,Wells,M,21,North Tarastad,2021-04-10
362,Daniel,Green,M,48,Lake Sydneyfort,2022-09-22
363,Joel,Ho,F,20,Huynhshire,2022-03-18
364,Patricia,Smith,F,41,Port Pamelaburgh,2025-06-03
365,Wesley,Smith,M,55,East Roberto,2024-06-14
366,Peter,Rodriguez,F,52,Comptonburgh,2021-01-07
367,Amy,Allen,F,59,Kevinstad,2022-11-19
368,Gabrielle,Riley,M,27,Huangmouth,2023-12-22
369,Chase,Holmes,F,63,Alyssafort,2025-04-14
370,Franklin,Mason,F,32,West Brad,2021-10-16
371,Connie,Wright,F,20,Matthewfurt,2021-04-28
372,Carlos,Logan,F,57,Port Thomas,2024-09-09
373,Julie,Todd,M,67,Mariaton,2021-03-24
374,Lauren,Jones,M,61,Port Edwinhaven,2023-05-11
375,Shawn,Patterson,M,62,West Katie,2022-08-13
376,Mitchell,Powell,M,34,Velezton,2023-11-11
377,Cheryl,Jackson,M,54,Kristineland,2025-07-21
378,Stephanie,Orozco,M,51,Lisaview,2022-02-18
379,Todd,Beasley,F,55,Vaughnborough,2023-08-04
380,Rebecca,Richardson,M,60,Hernandezfort,2021-09-09
381,Mark,Pena,F,58,Juliestad,2021-02-20
382,Rebecca,Smith,F,64,East Robertstad,2023-02-10
383,Chase,Rogers,F,37,Floreschester,2024-03-08
384,Douglas,Garza,F,69,New Gailport,2024-11-26
385,Cheryl,Dunlap,F,26,Lake Scottberg,2021-03-30
386,Justin,Lewis,M,18,Cartermouth,2023-08-09
387,Dana,Williams,M,19,Daltonmouth,2023-03-19
388,Allen,Caldwell,M,49,Mccartymouth,2021-04-13
389,Rebekah,Hutchinson,M,64,Lisaview,2022-10-26
390,Sandra,Butler,F,69,Kevinborough,2023-01-08
391,Alan,Foster,F,33,New Melissastad,2021-10-01
392,Linda,Saunders,M,67,Andreamouth,2025-04-16
393,Patricia,Hartman,M,46,Chandlerton,2024-09-05
394,Amanda,Quinn,F,46,Lisaburgh,2024-10-06
395,Timothy,Thomas,F,39,Quinnborough,2024-10-28
396,Nichole,Lambert,M,68,Ericaberg,2022-06-29
397,Mitchell,Nelson,F,19,Moranbury,2021-01-01
398,Joseph,Collins,F,29,South David,2023-03-14
399,David,Pennington,M,30,Timothyport,2022-06-13
400,Jeffrey,Chang,F,37,Parkerfurt,2022-12-09
401,James,Foster,F,33,Lake Douglas,2022-11-19
402,Emily,Mack,M,25,Scottview,2023-06-28
403,Amanda,Hammond,M,68,Woodfort,2024-07-29
404,Russell,Owens,M,29,Lambhaven,2024-04-30
405,Tyler,Parks,F,69,Lake Michelleland,2023-07-02
406,Scott,Hodge,F,55,West Chelsea,2021-12-10
407,Laura,Brooks,M,70,Mooreland,2025-07-15
408,Alice,Gardner,M,67,North Amanda,2022-10-21
409,John,Gomez,F,28,Grantview,2021-10-30
410,Jacob,Fox,M,45,South Brianland,2025-02-15
411,Nathan,Jones,M,62,Lake Ericfurt,2022-05-16
412,Lisa,Vang,M,63,Jessicaburgh,2022-09-27
413,Paul,Young,F,36,Kingstad,2024-06-18
414,Ashley,Trujillo,M,36,West Karen,2024-11-09
415,Kevin,Turner,F,46,Maymouth,2025-07-23
416,Patricia,Duncan,M,24,Nashshire,2021-06-23
417,Sarah,Lara,F,41,Barbaraburgh,2023-08-03
418,Amber,Hartman,F,65,North Jennifer,2024-03-24
419,Michael,Hernandez,M,61,Stricklandstad,2023-10-15
420,Meagan,Mccann,F,24,Webbtown,2022-07-05
421,Audrey,Bell,M,40,Osbornbury,2022-04-10
422,Toni,Hansen,F,39,Michaelfurt,2023-03-30
423,Alicia,Avila,M,23,Lake Monica,2021-08-27
424,Todd,Miller,F,64,Jacobton,2023-11-27
425,Amy,White,F,27,Karistad,2021-05-20
426,Kyle,Terry,F,43,Hannahstad,2021-07-13
427,Jose,Morrison,F,46,Smithberg,2022-02-06
428,Chelsea,Rodriguez,F,47,North Jonathan,2022-09-09
429,Joseph,Gillespie,M,24,New Crystalmouth,2023-05-25
430,Theresa,Mercer,M,28,Ginaville,2024-10-21
431,David,Washington,F,44,New Jenniferchester,2024-12-25
432,Tammy,Walsh,F,33,Colleenside,2021-09-26
433,Jessica,Edwards,F,27,Feliciabury,2024-03-04
434,Laura,Harrison,F,32,Craigport,2021-09-12
435,Rachel,Maldonado,M,62,Fischermouth,2024-10-11
436,Gregory,Reed,M,18,New Lauren,2021-11-06
437,Samuel,Cummings,F,27,Lake Andrew,2022-10-09
438,Bryan,Fischer,M,28,East Richard,2025-01-04
439,Caroline,Turner,F,55,East Courtney,2024-07-01
440,Eric,Perez,F,36,Morganshire,2023-08-19
441,James,Mcdonald,F,41,Port Karen,2022-10-12
442,Amy,Edwards,F,44,Timothytown,2025-07-22
443,Jessica,Beck,M,48,Lake Martinside,2021-07-24
444,Elizabeth,Ortiz,M,42,Orozcoland,2022-05-27
445,Tyler,Rodriguez,F,60,Leeberg,2023-10-08
446,Sheryl,Hayden,M,63,East Thomas,2023-01-31
447,Rebecca,Martinez,M,58,North Tanner,2021-06-27
448,Denise,Phillips,F,32,North David,2021-06-08
449,Heather,Walker,F,36,North Kari,2021-09-26
450,Timothy,Lee,F,43,New Colleen,2022-08-25
451,George,Mejia,F,66,Allenfort,2022-07-21
452,Patricia,Aguilar,F,24,New Tiffanymouth,2025-01-02
453,Richard,Patterson,M,43,Henrytown,2020-08-28
454,Tracy,Johnson,M,42,Christineburgh,2025-03-26
455,Nathaniel,Palmer,F,23,Janetville,2020-10-08
456,Angela,Lopez,M,27,South Krystalstad,2025-03-06
457,Whitney,Friedman,F,63,Perryberg,2023-10-18
458,Amy,Cox,F,50,West Philipchester,2021-12-19
459,Brian,Mcbride,F,35,Barbarastad,2022-10-17
460,Robert,Brown,F,60,Josephview,2021-12-02
461,Jessica,Lewis,M,50,Burtonton,2024-11-11
462,Laurie,Collins,M,59,Rebeccabury,2022-04-19
463,Eric,Baldwin,M,48,New Eddieside,2024-06-26
464,Eric,Moore,M,63,Smithton,2023-09-26
465,Austin,Jordan,M,24,Santosmouth,2023-06-23
466,Jessica,Edwards,F,53,Alexandermouth,2022-04-14
467,Steven,Joseph,M,64,Harrisonberg,2024-05-05
468,Tiffany,Jones,M,21,North David,2022-03-08
469,Barbara,Guerrero,F,33,Janetstad,2024-07-29
470,Kathryn,Green,F,27,Lake Krististad,2025-03-22
471,Erin,Hall,F,56,Fosterton,2022-09-08
472,Dustin,Lewis,M,59,Donnaburgh,2024-02-17
473,Jeffrey,Harper,F,44,Matthewfurt,2023-03-09
474,Peggy,Stewart,M,29,Walkertown,2023-05-12
475,Matthew,Odom,F,54,East Juan,2024-03-16
476,Christina,Wood,F,57,South Eric,2021-06-14
477,Shelby,Jackson,M,46,West Robertville,2023-11-11
478,Jessica,Jordan,F,42,North Andrewfort,2025-06-25
479,Taylor,Mason,M,31,North Matthew,2025-02-02
480,Brian,Lewis,F,23,Turnertown,2021-03-23
481,Ray,Yates,M,43,Victoriastad,2025-06-16
482,Katherine,Thomas,F,55,Lake Robertmouth,2023-04-12
483,Amanda,Cruz,M,39,New Davidfurt,2022-02-22
484,Shawn,Johnson,F,41,Bellshire,2023-02-17
485,Michael,Mendoza,M,62,Cervantesmouth,2023-06-29
486,Paul,Alexander,M,67,New Markton,2021-06-28
487,George,Ross,M,63,East Sophia,2022-10-15
488,Michelle,Garcia,F,45,Markshire,2021-01-01
489,Yolanda,Davis,F,47,New Dianafort,2021-11-21
490,Marissa,Hall,M,61,South Ericport,2024-10-12
491,Karen,Cantu,M,64,North Dominicville,2021-06-26
492,Sarah,Marshall,M,65,Baileyberg,2020-09-30
493,Zachary,Howell,F,35,Port David,2023-01-06
494,Chad,Cox,M,45,Port Jeffery,2022-05-14
495,Steven,Taylor,M,66,Port Ashley,2024-06-13
496,Steven,Galloway,F,51,Janetchester,2024-07-13
497,Margaret,Tyler,F,35,West Christopher,2023-11-22
498,Gregory,Rios,F,46,Keithmouth,2022-11-08
499,Natalie,Lewis,M,59,Port Susanmouth,2023-01-01
500,Paula,Burke,M,46,Port Keithville,2024-07-15
